{"MSE": 2.4562561371444174, "_timestamp": 1686056880.5389853, "_runtime": 7.750448226928711, "_step": 0, "_wandb": {"runtime": 7}}