{"MSE": 2.486272156912001, "_timestamp": 1686056897.9981484, "_runtime": 4.0211403369903564, "_step": 0, "_wandb": {"runtime": 3}}