{"MSE": 2.452960719092569, "_timestamp": 1686056982.515732, "_runtime": 18.33405113220215, "_step": 0, "_wandb": {"runtime": 17}}