{"MSE": 2.4531359513257023, "_timestamp": 1686056949.4453802, "_runtime": 13.003190279006958, "_step": 0, "_wandb": {"runtime": 12}}