{"mse": 2.453983836538874, "_timestamp": 1686056065.0724213, "_runtime": 11.280879259109497, "_step": 0, "_wandb": {"runtime": 10}}