{"MSE": 2.453983836538874, "_timestamp": 1686056921.132473, "_runtime": 10.456264972686768, "_step": 0, "_wandb": {"runtime": 9}}